<?xml version="1.0" encoding="UTF-8"?>

<Observation xmlns="http://hl7.org/fhir">
  <id value="vkp-heartrate-create"/>
  <meta>
    <versionId value="0"/>
    <lastUpdated value="2022-03-18T22:35:23+11:00"/>
    <source value="Thomas"/>
    <profile value="http://hl7.no/fhir/StructureDefinition/vkp-Observation-Heartrate"/>
  </meta>
  <text>
    <status value="generated"/><div xmlns="http://www.w3.org/1999/xhtml"><p><b>Generated Narrative: Observation</b><a name="vkp-heartrate-create"> </a></p><div style="display: inline-block; background-color: #d9e0e7; padding: 6px; margin: 4px; border: 1px solid #8da1b4; border-radius: 5px; line-height: 60%"><p style="margin-bottom: 0px">Resource Observation "vkp-heartrate-create" Version "0" Updated "2022-03-18 10:35:23+1100" </p><p style="margin-bottom: 0px">Information Source: Thomas!</p><p style="margin-bottom: 0px">Profile: <a href="StructureDefinition-vkp-Observation-Heartrate.html">Vkp VitalSigns Observation - Heart rate</a></p></div><p><b>identifier</b>: id: testheartrateexternalId4</p><p><b>status</b>: final</p><p><b>category</b>: Vital Signs <span style="background: LightGoldenRodYellow; margin: 4px; border: 1px solid khaki"> (<a href="http://terminology.hl7.org/4.0.0/CodeSystem-observation-category.html">Observation Category Codes</a>#vital-signs)</span></p><p><b>code</b>: Heartrate <span style="background: LightGoldenRodYellow; margin: 4px; border: 1px solid khaki"> (<a href="https://loinc.org/">LOINC</a>#8867-4 "Heart rate"; <a href="https://browser.ihtsdotools.org/">SNOMED CT</a>#364075005 "Heart Rate")</span></p><p><b>subject</b>: <span></span></p><p><b>effective</b>: 2022-03-16</p><p><b>performer</b>: <span></span></p><p><b>value</b>: 50 /min<span style="background: LightGoldenRodYellow"> (Details: UCUM code /min = '/min')</span></p><p><b>note</b>: Demo Heartrate</p></div>
  </text>
  <identifier>
    <system value="http://dips.no/fhir/namingsystem/externalId"/>
    <value value="testheartrateexternalId4"/>
  </identifier>
  <status value="final"/>
  <category>
    <coding>
      <system value="http://terminology.hl7.org/CodeSystem/observation-category"/>
      <code value="vital-signs"/>
      <display value="Vital Signs"/>
    </coding>
  </category>
  <code>
    <coding>
      <system value="http://loinc.org"/>
      <code value="8867-4"/>
      <display value="Heart rate"/>
    </coding>
    <coding>
      <system value="http://snomed.info/sct"/>
      <code value="364075005"/>
      <display value="Heart Rate"/>
    </coding>
    <text value="Heartrate"/>
  </code>
  <subject>
    <identifier>
      <system value="urn:oid:2.16.578.1.12.4.1.4.1"/>
      <value value="1000239"/>
    </identifier>
  </subject>
  <effectiveDateTime value="2022-03-16"/>
  <performer>
    <identifier>
      <system value="urn:oid:2.16.578.1.12.4.1.4.1"/>
      <value value="889911"/>
    </identifier>
  </performer>
  <valueQuantity>
    <value value="50"/>
    <unit value="/min"/>
    <system value="http://unitsofmeasure.org"/>
    <code value="/min"/>
  </valueQuantity>
  <note>
    <text value="Demo Heartrate"/>
  </note>
</Observation>