{
  "resourceType": "Observation",
  "id": "vkp-blood-pressure-profile-create",
  "meta": {
    "versionId": "1",
    "lastUpdated": "2021-02-15T22:35:23+11:00",
    "source": "META_VISION",
    "profile": [
      "http://ehelse.no/fhir/StructureDefinition/vkp-Observation-Bloodpressure"
    ]
  },
  "text": {
    "status": "generated",
    "div": "<div xmlns=\"http://www.w3.org/1999/xhtml\"><p><b>Generated Narrative: Observation</b><a name=\"vkp-blood-pressure-profile-create\"> </a></p><div style=\"display: inline-block; background-color: #d9e0e7; padding: 6px; margin: 4px; border: 1px solid #8da1b4; border-radius: 5px; line-height: 60%\"><p style=\"margin-bottom: 0px\">Resource Observation \"vkp-blood-pressure-profile-create\" Version \"1\" Updated \"2021-02-15 10:35:23+1100\" </p><p style=\"margin-bottom: 0px\">Information Source: META_VISION!</p><p style=\"margin-bottom: 0px\">Profile: <a href=\"StructureDefinition-vkp-Observation-Bloodpressure.html\">Vkp VitalSigns Observation - Blood pressure</a></p></div><p><b>identifier</b>: id: testprofileBPexternalId1</p><p><b>status</b>: final</p><p><b>category</b>: Vital Signs <span style=\"background: LightGoldenRodYellow; margin: 4px; border: 1px solid khaki\"> (<a href=\"http://terminology.hl7.org/4.0.0/CodeSystem-observation-category.html\">Observation Category Codes</a>#vital-signs)</span></p><p><b>code</b>: Blood pressure panel with all children optional <span style=\"background: LightGoldenRodYellow; margin: 4px; border: 1px solid khaki\"> (<a href=\"https://loinc.org/\">LOINC</a>#85354-9)</span></p><p><b>subject</b>: <span></span></p><p><b>effective</b>: 2021-05-10</p><p><b>performer</b>: <span></span></p><p><b>note</b>: Test VKP Blood Pressure</p><p><b>bodySite</b>: Finger structure (body structure) <span style=\"background: LightGoldenRodYellow; margin: 4px; border: 1px solid khaki\"> (<a href=\"https://browser.ihtsdotools.org/\">SNOMED CT</a>#7569003)</span></p><p><b>method</b>: Auscultation - action (qualifier value) <span style=\"background: LightGoldenRodYellow; margin: 4px; border: 1px solid khaki\"> (<a href=\"https://browser.ihtsdotools.org/\">SNOMED CT</a>#129436005)</span></p><blockquote><p><b>component</b></p><p><b>code</b>: Systolic blood pressure <span style=\"background: LightGoldenRodYellow; margin: 4px; border: 1px solid khaki\"> (<a href=\"https://loinc.org/\">LOINC</a>#8480-6; <a href=\"https://browser.ihtsdotools.org/\">SNOMED CT</a>#271649006 \"Systolic Blood pressure\")</span></p><p><b>value</b>: 123 mm[Hg]<span style=\"background: LightGoldenRodYellow\"> (Details: UCUM code mm[Hg] = 'mm[Hg]')</span></p></blockquote><blockquote><p><b>component</b></p><p><b>code</b>: Diastolic blood pressure <span style=\"background: LightGoldenRodYellow; margin: 4px; border: 1px solid khaki\"> (<a href=\"https://loinc.org/\">LOINC</a>#8462-4; <a href=\"https://browser.ihtsdotools.org/\">SNOMED CT</a>#271650006 \"Diastolic Blood pressure\")</span></p><p><b>value</b>: 78 mm[Hg]<span style=\"background: LightGoldenRodYellow\"> (Details: UCUM code mm[Hg] = 'mm[Hg]')</span></p></blockquote><blockquote><p><b>component</b></p><p><b>code</b>: Mean blood pressure <span style=\"background: LightGoldenRodYellow; margin: 4px; border: 1px solid khaki\"> (<a href=\"https://loinc.org/\">LOINC</a>#8478-0)</span></p><p><b>value</b>: 93 mm[Hg]<span style=\"background: LightGoldenRodYellow\"> (Details: UCUM code mm[Hg] = 'mm[Hg]')</span></p></blockquote><blockquote><p><b>component</b></p><p><b>code</b>: Arterial pulse pressure <span style=\"background: LightGoldenRodYellow; margin: 4px; border: 1px solid khaki\"> (<a href=\"https://browser.ihtsdotools.org/\">SNOMED CT</a>#87179004)</span></p><p><b>value</b>: 45 mm[Hg]<span style=\"background: LightGoldenRodYellow\"> (Details: UCUM code mm[Hg] = 'mm[Hg]')</span></p></blockquote></div>"
  },
  "identifier": [
    {
      "system": "http://dips.no/fhir/namingsystem/externalId",
      "value": "testprofileBPexternalId1"
    }
  ],
  "status": "final",
  "category": [
    {
      "coding": [
        {
          "system": "http://terminology.hl7.org/CodeSystem/observation-category",
          "code": "vital-signs",
          "display": "Vital Signs"
        }
      ]
    }
  ],
  "code": {
    "coding": [
      {
        "system": "http://loinc.org",
        "code": "85354-9",
        "display": "Blood pressure panel with all children optional"
      }
    ]
  },
  "subject": {
    "identifier": {
      "system": "urn:oid:2.16.578.1.12.4.1.4.1",
      "value": "1000807"
    }
  },
  "effectiveDateTime": "2021-05-10",
  "performer": [
    {
      "identifier": {
        "system": "urn:oid:2.16.578.1.12.4.1.4.1",
        "value": "103"
      }
    }
  ],
  "note": [
    {
      "text": "Test VKP Blood Pressure"
    }
  ],
  "bodySite": {
    "coding": [
      {
        "system": "http://snomed.info/sct",
        "code": "7569003",
        "display": "Finger structure (body structure)"
      }
    ]
  },
  "method": {
    "coding": [
      {
        "system": "http://snomed.info/sct",
        "code": "129436005",
        "display": "Auscultation - action (qualifier value)"
      }
    ]
  },
  "component": [
    {
      "code": {
        "coding": [
          {
            "system": "http://loinc.org",
            "code": "8480-6",
            "display": "Systolic blood pressure"
          },
          {
            "system": "http://snomed.info/sct",
            "code": "271649006",
            "display": "Systolic Blood pressure"
          }
        ]
      },
      "valueQuantity": {
        "value": 123,
        "unit": "mm[Hg]",
        "system": "http://unitsofmeasure.org",
        "code": "mm[Hg]"
      }
    },
    {
      "code": {
        "coding": [
          {
            "system": "http://loinc.org",
            "code": "8462-4",
            "display": "Diastolic blood pressure"
          },
          {
            "system": "http://snomed.info/sct",
            "code": "271650006",
            "display": "Diastolic Blood pressure"
          }
        ]
      },
      "valueQuantity": {
        "value": 78,
        "unit": "mm[Hg]",
        "system": "http://unitsofmeasure.org",
        "code": "mm[Hg]"
      }
    },
    {
      "code": {
        "coding": [
          {
            "system": "http://loinc.org",
            "code": "8478-0",
            "display": "Mean blood pressure"
          }
        ]
      },
      "valueQuantity": {
        "value": 93,
        "unit": "mm[Hg]",
        "system": "http://unitsofmeasure.org",
        "code": "mm[Hg]"
      }
    },
    {
      "code": {
        "coding": [
          {
            "system": "http://snomed.info/sct",
            "code": "87179004",
            "display": "Arterial pulse pressure"
          }
        ]
      },
      "valueQuantity": {
        "value": 45,
        "unit": "mm[Hg]",
        "system": "http://unitsofmeasure.org",
        "code": "mm[Hg]"
      }
    }
  ]
}