<?xml version="1.0" encoding="UTF-8"?><ValueSet xmlns="http://hl7.org/fhir"><id value="vkp-performer-identifiers.valueset"/><meta><lastUpdated value="2022-02-10T00:00:00.000+00:00"/><profile value="http://hl7.org/fhir/StructureDefinition/shareablevalueset"/></meta><text><status value="generated"/><div xmlns="http://www.w3.org/1999/xhtml"><ul><li>Include all codes defined in <a href="CodeSystem-vkp-performer-identifiers.codesystem.html"><code>http://ehelse.no/fhir/CodeSystem/vkp-performer-identifiers.codesystem</code></a></li></ul></div></text><extension url="http://hl7.org/fhir/StructureDefinition/structuredefinition-standards-status"><valueCode value="draft"/></extension><extension url="http://hl7.org/fhir/StructureDefinition/structuredefinition-fmm"><valueInteger value="1"/></extension><url value="http://ehelse.no/fhir/ValueSet/vkp-performer-identifiers.valueset"/><version value="0.2.0"/><name value="VkpPerfomerIdentifiersValueSet"/><title value="VKP Performer Identifier systems ValueSet"/><status value="draft"/><experimental value="false"/><date value="2021-03-17T00:00:00+00:00"/><publisher value="Direktoratet for e-helse"/><contact><telecom><system value="url"/><value value="http://ehelse.no/"/></telecom></contact><description value="Identifier Systems allowed for performer identification systems in Vkp Observations"/><jurisdiction><coding><system value="urn:iso:std:iso:3166"/><code value="NO"/><display value="Norway"/></coding></jurisdiction><compose><include><system value="http://ehelse.no/fhir/CodeSystem/vkp-performer-identifiers.codesystem"/></include></compose></ValueSet>