{
  "resourceType": "CodeSystem",
  "id": "vkp-performer-identifiers.codesystem",
  "text": {
    "status": "generated",
    "div": "<div xmlns=\"http://www.w3.org/1999/xhtml\"><p>This code system http://ehelse.no/fhir/CodeSystem/vkp-performer-identifiers.codesystem defines the following codes:</p><table class=\"codes\"><tr><td style=\"white-space:nowrap\"><b>Code</b></td><td><b>Display</b></td><td><b>Definition</b></td></tr><tr><td style=\"white-space:nowrap\">urn:oid:2.16.578.1.12.4.1.4.1<a name=\"vkp-performer-identifiers.codesystem-urn.58oid.582.4616.46578.461.4612.464.461.464.461\"> </a></td><td>FNR</td><td>Fødselsnummer</td></tr></table></div>"
  },
  "url": "http://ehelse.no/fhir/CodeSystem/vkp-performer-identifiers.codesystem",
  "version": "0.2.0",
  "name": "VkpPerformerIdentifiersCodeSystem",
  "title": "Vkp Performer Identifier Systems CodeSystem",
  "status": "draft",
  "date": "2022-03-18",
  "publisher": "Direktoratet for e-helse",
  "description": "The CodeSystem contains all codes allowed for Observation.performer.system for use with VKP",
  "jurisdiction": [
    {
      "coding": [
        {
          "system": "urn:iso:std:iso:3166",
          "code": "NO",
          "display": "Norway"
        }
      ]
    }
  ],
  "content": "complete",
  "count": 1,
  "concept": [
    {
      "code": "urn:oid:2.16.578.1.12.4.1.4.1",
      "display": "FNR",
      "definition": "Fødselsnummer"
    }
  ]
}