{
  "resourceType": "Observation",
  "id": "body-height-create",
  "meta": {
    "lastUpdated": "2014-01-30T22:35:23+11:00",
    "source": "META_VISION"
  },
  "text": {
    "status": "generated",
    "div": "<div xmlns=\"http://www.w3.org/1999/xhtml\"><p><b>Generated Narrative</b></p><div style=\"display: inline-block; background-color: #d9e0e7; padding: 6px; margin: 4px; border: 1px solid #8da1b4; border-radius: 5px; line-height: 60%\"><p style=\"margin-bottom: 0px\">Resource \"body-height-create\" Updated \"2014-01-30 11:35:23+0000\" </p><p style=\"margin-bottom: 0px\">Information Source: META_VISION!</p></div><p><b>identifier</b>: id: External Id: testBHexternalId2</p><p><b>status</b>: final</p><p><b>category</b>: vital-signs <span style=\"background: LightGoldenRodYellow; margin: 4px; border: 1px solid khaki\"> (<a href=\"http://terminology.hl7.org/3.1.0/CodeSystem-observation-category.html\">Observation Category Codes</a>#vital-signs)</span></p><p><b>code</b>: Body height measure (observable entity) <span style=\"background: LightGoldenRodYellow; margin: 4px; border: 1px solid khaki\"> (<a href=\"https://loinc.org/\">LOINC</a>#8302-2)</span></p><p><b>subject</b>: <span></span></p><p><b>encounter</b>: <a href=\"https://simplifier.net/resolve?scope=hl7.fhir.no.basis@2.1.1&amp;canonical=http://hl7.no/fhir//Encounter/agy1002679\">Encounter/agy1002679</a></p><p><b>effective</b>: 2021-05-10</p><p><b>performer</b>: </p><ul><li><span></span></li><li><a href=\"https://simplifier.net/resolve?scope=hl7.fhir.no.basis@2.1.1&amp;canonical=http://hl7.no/fhir//Organization/afa22\">Organization/afa22</a></li></ul><p><b>value</b>: 156 cm<span style=\"background: LightGoldenRodYellow\"> (Details: UCUM code cm = 'cm')</span></p><p><b>note</b>: Demo Body Height</p></div>"
  },
  "extension": [
    {
      "url": "http://hl7.no/fhir/StructureDefinition/no-domain-vitalsignsobservation-bodyheight-bodypositionextension",
      "valueCoding": {
        "system": "http://snomed.info/sct",
        "code": "4801000202104",
        "display": "Lying flat without tilt (finding)"
      }
    }
  ],
  "identifier": [
    {
      "system": "http://dips.no/fhir/namingsystem/externalId",
      "value": "External Id: testBHexternalId2"
    }
  ],
  "status": "final",
  "category": [
    {
      "coding": [
        {
          "system": "http://terminology.hl7.org/CodeSystem/observation-category",
          "code": "vital-signs",
          "display": "vital-signs"
        }
      ]
    }
  ],
  "code": {
    "coding": [
      {
        "system": "http://loinc.org",
        "code": "8302-2",
        "display": "Body height measure (observable entity)"
      }
    ]
  },
  "subject": {
    "identifier": {
      "system": "http://dips.no/fhir/namingsystem/dips-patientid",
      "value": "1000807"
    }
  },
  "encounter": {
    "reference": "Encounter/agy1002679",
    "identifier": {
      "system": "http://dips.no/fhir/namingsystem/dips-omsorgsepisodeid",
      "value": "1002679"
    }
  },
  "effectiveDateTime": "2021-05-10",
  "performer": [
    {
      "identifier": {
        "system": "urn:oid:2.16.578.1.12.4.1.2",
        "value": "889911"
      }
    },
    {
      "reference": "Organization/afa22",
      "identifier": {
        "system": "urn:oid:1.3.6.1.4.1.9038.70.3",
        "value": "22"
      }
    }
  ],
  "valueQuantity": {
    "value": 156,
    "unit": "cm",
    "system": "http://unitsofmeasure.org",
    "code": "cm"
  },
  "note": [
    {
      "text": "Demo Body Height"
    }
  ]
}