{"resourceType":"ValueSet","id":"NoDomainVitalSignsObservationBloodPressureMeasurementMethodValue","meta":{"lastUpdated":"2021-03-17T13:28:17.239+02:00","profile":["http://hl7.org/fhir/StructureDefinition/shareablevalueset"]},"text":{"status":"generated","div":"<div xmlns=\"http://www.w3.org/1999/xhtml\"><ul><li>Include these codes as defined in <a href=\"http://www.snomed.org/\"><code>http://snomed.info/sct</code></a><table class=\"none\"><tr><td style=\"white-space:nowrap\"><b>Code</b></td><td><b>Display</b></td></tr><tr><td><a href=\"http://snomed.info/id/129436005\">129436005</a></td><td>Auskultasjon</td></tr><tr><td><a href=\"http://snomed.info/id/129434008\">129434008</a></td><td>Palpasjon</td></tr><tr><td><a href=\"http://snomed.info/id/1*3\">1*3</a></td><td>Automatisk, non-invasivt</td></tr><tr><td><a href=\"http://snomed.info/id/1*4\">1*4</a></td><td>Automatisk, invasivt</td></tr></table></li></ul></div>"},"extension":[{"url":"http://hl7.org/fhir/StructureDefinition/structuredefinition-wg","valueCode":"oo"},{"url":"http://hl7.org/fhir/StructureDefinition/structuredefinition-standards-status","valueCode":"draft"},{"url":"http://hl7.org/fhir/StructureDefinition/structuredefinition-fmm","valueInteger":1}],"url":"http://hl7.no/fhir/ValueSet/no-domain-vitalsignsobservation-bloodpressure-measurementmethodvalueSet","version":"0.2.1","name":"NoDomainVitalSignsObservationBloodPressureMeasurementMethodValueSet","status":"draft","experimental":false,"date":"2021-03-17","publisher":"HL7 Norway","contact":[{"telecom":[{"system":"url","value":"http://hl7.org/fhir"}]}],"description":"Codes representing measurement method for blood pressure","jurisdiction":[{"coding":[{"system":"urn:iso:std:iso:3166","code":"NO","display":"Norway"}]}],"compose":{"include":[{"system":"http://snomed.info/sct","concept":[{"code":"129436005","display":"Auskultasjon"},{"code":"129434008","display":"Palpasjon"},{"code":"1*3","display":"Automatisk, non-invasivt"},{"code":"1*4","display":"Automatisk, invasivt"}]}]}}