<?xml version="1.0" encoding="UTF-8"?>

<Observation xmlns="http://hl7.org/fhir">
  <id value="respiratory-rate-create"/>
  <meta>
    <versionId value="0"/>
    <lastUpdated value="2014-01-30T22:35:23+11:00"/>
    <source value="META_VISION"/>
  </meta>
  <text>
    <status value="generated"/><div xmlns="http://www.w3.org/1999/xhtml"><p><b>Generated Narrative: Observation</b><a name="respiratory-rate-create"> </a></p><div style="display: inline-block; background-color: #d9e0e7; padding: 6px; margin: 4px; border: 1px solid #8da1b4; border-radius: 5px; line-height: 60%"><p style="margin-bottom: 0px">Resource Observation "respiratory-rate-create" Version "0" Updated "2014-01-30 10:35:23+1100" </p><p style="margin-bottom: 0px">Information Source: META_VISION!</p></div><p><b style="color: maroon">Exception generating Narrative: unknown extension http://hl7.org/fhir/StructureDefinition/no-domain-vitalsignsobservation-respirationrate-bodypositionextension</b></p></div>
  </text>
  <extension url="http://hl7.org/fhir/StructureDefinition/no-domain-vitalsignsobservation-respirationrate-bodypositionextension">
    <valueCoding>
      <system value="http://snomed.info/sct"/>
      <code value="10904000"/>
      <display value="Stående/Oppreist"/>
    </valueCoding>
  </extension>
  <extension url="http://hl7.no/fhir/StructureDefinition/no-domain-vitalsignsobservation-respirationregularityextension">
    <valueCoding>
      <system value="http://snomed.info/sct"/>
      <code value="276888009"/>
      <display value="Regelmessig"/>
    </valueCoding>
  </extension>
  <extension url="http://hl7.no/fhir/StructureDefinition/no-domain-vitalsignsobservation--respirationdepthextension">
    <valueCoding>
      <system value="http://snomed.info/sct"/>
      <code value="301284009"/>
      <display value="Normal"/>
    </valueCoding>
  </extension>
  <extension url="http://hl7.no/fhir/StructureDefinition/no-domain-vitalsignsobservation-clinicaldescriptionextension">
    <valueAnnotation>
      <text value="Description of Respiration"/>
    </valueAnnotation>
  </extension>
  <extension url="http://hl7.no/fhir/StructureDefinition/no-domain-vitalsignsobservation-spontaneousbreathingextension">
    <valueCoding>
      <system value="http://snomed.info/sct"/>
      <code value="241700002"/>
      <display value="Tilstede"/>
    </valueCoding>
  </extension>
  <extension url="http://hl7.no/fhir/StructureDefinition/no-domain-vitalsignsobservation-levelofexertionextension">
    <valueCoding>
      <system value="http://snomed.info/sct"/>
      <code value="251894003"/>
      <display value="Level of Exertion (attribute)"/>
    </valueCoding>
  </extension>
  <extension url="http://hl7.no/fhir/StructureDefinition/no-domain-vitalsignsobservation-inspiredoxygenextension">
    <extension url="http://dips.no/fhir/StructureDefinition/OxygenAdministrationMethodExtension">
      <valueString value="Oxygen administration method"/>
    </extension>
    <extension url="http://dips.no/fhir/StructureDefinition/FlowExtension">
      <valueQuantity>
        <value value="6100"/>
        <unit value="ml/min"/>
      </valueQuantity>
    </extension>
    <extension url="http://dips.no/fhir/StructureDefinition/FiO2Extension">
      <valueRatio>
        <numerator>
          <value value="21"/>
        </numerator>
        <denominator>
          <value value="100"/>
        </denominator>
      </valueRatio>
    </extension>
    <extension url="http://dips.no/fhir/StructureDefinition/ProsentO2Extension">
      <valueRatio>
        <numerator>
          <value value="21"/>
        </numerator>
        <denominator>
          <value value="100"/>
        </denominator>
      </valueRatio>
    </extension>
  </extension>
  <identifier>
    <system value="http://dips.no/fhir/namingsystem/externalId"/>
    <value value="External Id: testresprateExternalId7"/>
  </identifier>
  <status value="final"/>
  <category>
    <coding>
      <system value="http://terminology.hl7.org/CodeSystem/observation-category"/>
      <code value="vital-signs"/>
      <display value="vital-signs"/>
    </coding>
  </category>
  <code>
    <coding>
      <system value="http://loinc.org"/>
      <code value="9279-1"/>
      <display value="Respiratory rate"/>
    </coding>
  </code>
  <subject>
    <reference value="patient/cdp1000239"/>
    <identifier>
      <system value="http://dips.no/fhir/namingsystem/dips-patientid"/>
      <value value="1000239"/>
    </identifier>
  </subject>
  <encounter>
    <reference value="Encounter/agy1000245"/>
  </encounter>
  <effectiveDateTime value="2021-05-10"/>
  <performer>
    <reference value="Practitioner/agb27"/>
    <identifier>
      <system value="urn:oid:1.3.6.1.4.1.9038.51.1"/>
      <value value="27"/>
    </identifier>
  </performer>
  <performer>
    <reference value="Organization/afa22"/>
    <identifier>
      <system value="urn:oid:1.3.6.1.4.1.9038.70.3"/>
      <value value="22"/>
    </identifier>
  </performer>
  <valueQuantity>
    <value value="14"/>
    <unit value="/min"/>
    <system value="http://unitsofmeasure.org"/>
    <code value="/min"/>
  </valueQuantity>
  <interpretation>
    <text value="Clinical interpretation of Respiration"/>
  </interpretation>
  <note>
    <text value="Demo Respiration"/>
  </note>
</Observation>