<?xml version="1.0" encoding="UTF-8"?>

<Observation xmlns="http://hl7.org/fhir">
  <id value="body-height-create"/>
  <meta>
    <lastUpdated value="2014-01-30T22:35:23+11:00"/>
    <source value="META_VISION"/>
  </meta>
  <text>
    <status value="generated"/><div xmlns="http://www.w3.org/1999/xhtml"><p><b>Generated Narrative: Observation</b><a name="body-height-create"> </a></p><div style="display: inline-block; background-color: #d9e0e7; padding: 6px; margin: 4px; border: 1px solid #8da1b4; border-radius: 5px; line-height: 60%"><p style="margin-bottom: 0px">Resource Observation "body-height-create" Updated "2014-01-30 10:35:23+1100" </p><p style="margin-bottom: 0px">Information Source: META_VISION!</p></div><p><b>identifier</b>: id: External Id: testBHexternalId2</p><p><b>status</b>: final</p><p><b>category</b>: vital-signs <span style="background: LightGoldenRodYellow; margin: 4px; border: 1px solid khaki"> (<a href="http://terminology.hl7.org/4.0.0/CodeSystem-observation-category.html">Observation Category Codes</a>#vital-signs)</span></p><p><b>code</b>: Body height measure (observable entity) <span style="background: LightGoldenRodYellow; margin: 4px; border: 1px solid khaki"> (<a href="https://loinc.org/">LOINC</a>#8302-2)</span></p><p><b>subject</b>: <span></span></p><p><b>encounter</b>: <a href="https://simplifier.net/resolve?scope=hl7.fhir.no.basis@2.1.1&amp;canonical=http://hl7.no/fhir//Encounter/agy1002679">Encounter/agy1002679</a></p><p><b>effective</b>: 2021-05-10</p><p><b>performer</b>: </p><ul><li><span></span></li><li><a href="https://simplifier.net/resolve?scope=hl7.fhir.no.basis@2.1.1&amp;canonical=http://hl7.no/fhir//Organization/afa22">Organization/afa22</a></li></ul><p><b>value</b>: 156 cm<span style="background: LightGoldenRodYellow"> (Details: UCUM code cm = 'cm')</span></p><p><b>note</b>: Demo Body Height</p></div>
  </text>
  <extension url="http://hl7.no/fhir/StructureDefinition/no-domain-vitalsignsobservation-bodyheight-bodypositionextension">
    <valueCoding>
      <system value="http://snomed.info/sct"/>
      <code value="4801000202104"/>
      <display value="Lying flat without tilt (finding)"/>
    </valueCoding>
  </extension>
  <identifier>
    <system value="http://dips.no/fhir/namingsystem/externalId"/>
    <value value="External Id: testBHexternalId2"/>
  </identifier>
  <status value="final"/>
  <category>
    <coding>
      <system value="http://terminology.hl7.org/CodeSystem/observation-category"/>
      <code value="vital-signs"/>
      <display value="vital-signs"/>
    </coding>
  </category>
  <code>
    <coding>
      <system value="http://loinc.org"/>
      <code value="8302-2"/>
      <display value="Body height measure (observable entity)"/>
    </coding>
  </code>
  <subject>
    <identifier>
      <system value="http://dips.no/fhir/namingsystem/dips-patientid"/>
      <value value="1000807"/>
    </identifier>
  </subject>
  <encounter>
    <reference value="Encounter/agy1002679"/>
    <identifier>
      <system value="http://dips.no/fhir/namingsystem/dips-omsorgsepisodeid"/>
      <value value="1002679"/>
    </identifier>
  </encounter>
  <effectiveDateTime value="2021-05-10"/>
  <performer>
    <identifier>
      <system value="urn:oid:2.16.578.1.12.4.1.2"/>
      <value value="889911"/>
    </identifier>
  </performer>
  <performer>
    <reference value="Organization/afa22"/>
    <identifier>
      <system value="urn:oid:1.3.6.1.4.1.9038.70.3"/>
      <value value="22"/>
    </identifier>
  </performer>
  <valueQuantity>
    <value value="156"/>
    <unit value="cm"/>
    <system value="http://unitsofmeasure.org"/>
    <code value="cm"/>
  </valueQuantity>
  <note>
    <text value="Demo Body Height"/>
  </note>
</Observation>