<?xml version="1.0" encoding="UTF-8"?>

<Observation xmlns="http://hl7.org/fhir">
  <id value="news2-create"/>
  <meta>
    <versionId value="0"/>
    <lastUpdated value="2014-01-30T11:35:23+00:00"/>
    <source value="MEDANETS"/>
  </meta>
  <text>
    <status value="generated"/><div xmlns="http://www.w3.org/1999/xhtml"><p><b>Generated Narrative</b></p><div style="display: inline-block; background-color: #d9e0e7; padding: 6px; margin: 4px; border: 1px solid #8da1b4; border-radius: 5px; line-height: 60%"><p style="margin-bottom: 0px">Resource "news2-create" Version "0" Updated "2014-01-30 11:35:23+0000" </p><p style="margin-bottom: 0px">Information Source: MEDANETS!</p></div><p><b>identifier</b>: id: External Id: testNEWS2</p><p><b>status</b>: final</p><p><b>category</b>: Survey <span style="background: LightGoldenRodYellow; margin: 4px; border: 1px solid khaki"> (<a href="http://terminology.hl7.org/3.1.0/CodeSystem-observation-category.html">Observation Category Codes</a>#survey)</span></p><p><b>code</b>: NEWS2 (National Early Warning Score 2) total score <span style="background: LightGoldenRodYellow; margin: 4px; border: 1px solid khaki"> (<a href="https://browser.ihtsdotools.org/">SNOMED CT</a>#1104051000000101)</span></p><p><b>subject</b>: <a href="https://simplifier.net/resolve?scope=hl7.fhir.no.basis@2.1.1&amp;canonical=http://hl7.no/fhir//Patient/cdp1000807">Patient/cdp1000807</a></p><p><b>effective</b>: 2021-11-02</p><p><b>performer</b>: </p><ul><li><a href="https://simplifier.net/resolve?scope=hl7.fhir.no.basis@2.1.1&amp;canonical=http://hl7.no/fhir//Organization/afa22">Organization/afa22</a></li><li><a href="https://simplifier.net/resolve?scope=hl7.fhir.no.basis@2.1.1&amp;canonical=http://hl7.no/fhir//PractitionerRole/agb103">PractitionerRole/agb103</a></li></ul><p><b>value</b>: 20 score<span style="background: LightGoldenRodYellow"> (Details: UCUM code score = 'score')</span></p><blockquote><p><b>component</b></p><p><b>code</b>: NEWS2 (National Early Warning Score 2) - respiration rate score <span style="background: LightGoldenRodYellow; margin: 4px; border: 1px solid khaki"> (<a href="https://browser.ihtsdotools.org/">SNOMED CT</a>#1104301000000104)</span></p><p><b>value</b>: 3 ScoreOf<span style="background: LightGoldenRodYellow"> (Details: UCUM code {ScoreOf} = '{ScoreOf}')</span></p><p><b>interpretation</b>: ≥25 <span style="background: LightGoldenRodYellow; margin: 4px; border: 1px solid khaki"> ()</span></p></blockquote><blockquote><p><b>component</b></p><p><b>code</b>:  NEWS2 (National Early Warning Score 2) - oxygen saturation scale 2 score <span style="background: LightGoldenRodYellow; margin: 4px; border: 1px solid khaki"> (<a href="https://browser.ihtsdotools.org/">SNOMED CT</a>#1104321000000108)</span></p><p><b>value</b>: 3 ScoreOf<span style="background: LightGoldenRodYellow"> (Details: UCUM code {ScoreOf} = '{ScoreOf}')</span></p><p><b>interpretation</b>: 93–94 med oksygentilførsel <span style="background: LightGoldenRodYellow; margin: 4px; border: 1px solid khaki"> ()</span></p></blockquote><blockquote><p><b>component</b></p><p><b>code</b>: NEWS2 (National Early Warning Score 2) - air or oxygen score <span style="background: LightGoldenRodYellow; margin: 4px; border: 1px solid khaki"> (<a href="https://browser.ihtsdotools.org/">SNOMED CT</a>#1104331000000105)</span></p><p><b>value</b>: 2 ScoreOf<span style="background: LightGoldenRodYellow"> (Details: UCUM code {ScoreOf} = '{ScoreOf}')</span></p><p><b>interpretation</b>: Oksygen <span style="background: LightGoldenRodYellow; margin: 4px; border: 1px solid khaki"> ()</span></p></blockquote><blockquote><p><b>component</b></p><p><b>code</b>: NEWS2 (National Early Warning Score 2) - pulse score <span style="background: LightGoldenRodYellow; margin: 4px; border: 1px solid khaki"> (<a href="https://browser.ihtsdotools.org/">SNOMED CT</a>#1104351000000103)</span></p><p><b>value</b>: 3 ScoreOf<span style="background: LightGoldenRodYellow"> (Details: UCUM code {ScoreOf} = '{ScoreOf}')</span></p><p><b>interpretation</b>: ≤40 <span style="background: LightGoldenRodYellow; margin: 4px; border: 1px solid khaki"> ()</span></p></blockquote><blockquote><p><b>component</b></p><p><b>code</b>: NEWS2 (National Early Warning Score 2) - systolic blood pressure score <span style="background: LightGoldenRodYellow; margin: 4px; border: 1px solid khaki"> (<a href="https://browser.ihtsdotools.org/">SNOMED CT</a>#1104341000000101)</span></p><p><b>value</b>: 3 ScoreOf<span style="background: LightGoldenRodYellow"> (Details: UCUM code {ScoreOf} = '{ScoreOf}')</span></p><p><b>interpretation</b>: ≤90 <span style="background: LightGoldenRodYellow; margin: 4px; border: 1px solid khaki"> ()</span></p></blockquote><blockquote><p><b>component</b></p><p><b>code</b>: NEWS2 (National Early Warning Score 2) - consciousness score <span style="background: LightGoldenRodYellow; margin: 4px; border: 1px solid khaki"> (<a href="https://browser.ihtsdotools.org/">SNOMED CT</a>#1104361000000100)</span></p><p><b>value</b>: 3 ScoreOf<span style="background: LightGoldenRodYellow"> (Details: UCUM code {ScoreOf} = '{ScoreOf}')</span></p><p><b>interpretation</b>: C, V, P eller U <span style="background: LightGoldenRodYellow; margin: 4px; border: 1px solid khaki"> ()</span></p></blockquote><blockquote><p><b>component</b></p><p><b>code</b>: NEWS2 (National Early Warning Score 2) - temperature score <span style="background: LightGoldenRodYellow; margin: 4px; border: 1px solid khaki"> (<a href="https://browser.ihtsdotools.org/">SNOMED CT</a>#1104371000000107)</span></p><p><b>value</b>: 3 ScoreOf<span style="background: LightGoldenRodYellow"> (Details: UCUM code {ScoreOf} = '{ScoreOf}')</span></p><p><b>interpretation</b>: ≤35.0 <span style="background: LightGoldenRodYellow; margin: 4px; border: 1px solid khaki"> ()</span></p></blockquote></div>
  </text>
  <extension url="http://hl7.no/fhir/StructureDefinition/hn-domain-vitalsignsobservation-news2score-clinical-ratio-extension">
    <valueString value="Høy"/>
  </extension>
  <identifier>
    <system value="http://dips.no/fhir/namingsystem/externalId"/>
    <value value="External Id: testNEWS2"/>
  </identifier>
  <status value="final"/>
  <category>
    <coding>
      <system value="http://terminology.hl7.org/CodeSystem/observation-category"/>
      <code value="survey"/>
      <display value="Survey"/>
    </coding>
  </category>
  <code>
    <coding>
      <system value="http://snomed.info/sct"/>
      <code value="1104051000000101"/>
      <display value="NEWS2 (National Early Warning Score 2) total score"/>
    </coding>
  </code>
  <subject>
    <reference value="Patient/cdp1000807"/>
    <identifier>
      <system value="http://dips.no/fhir/namingsystem/dips-patientid"/>
      <value value="1000807"/>
    </identifier>
  </subject>
  <effectiveDateTime value="2021-11-02"/>
  <performer>
    <reference value="Organization/afa22"/>
    <identifier>
      <system value="urn:oid:1.3.6.1.4.1.9038.70.3"/>
      <value value="22"/>
    </identifier>
  </performer>
  <performer>
    <reference value="PractitionerRole/agb103"/>
    <identifier>
      <system value="urn:oid:1.3.6.1.4.1.9038.51.1"/>
      <value value="103"/>
    </identifier>
  </performer>
  <valueQuantity>
    <value value="20"/>
    <unit value="score"/>
    <system value="http://unitsofmeasure.org"/>
    <code value="score"/>
  </valueQuantity>
  <component>
    <code>
      <coding>
        <system value="http://snomed.info/sct"/>
        <code value="1104301000000104"/>
        <display value="NEWS2 (National Early Warning Score 2) - respiration rate score"/>
      </coding>
    </code>
    <valueQuantity>
      <value value="3"/>
      <unit value="ScoreOf"/>
      <system value="http://unitsofmeasure.org"/>
      <code value="{ScoreOf}"/>
    </valueQuantity>
    <interpretation>
      <text value="≥25"/>
    </interpretation>
  </component>
  <component>
    <code>
      <coding>
        <system value="http://snomed.info/sct"/>
        <code value="1104321000000108"/>
        <display value=" NEWS2 (National Early Warning Score 2) - oxygen saturation scale 2 score"/>
      </coding>
    </code>
    <valueQuantity>
      <value value="3"/>
      <unit value="ScoreOf"/>
      <system value="http://unitsofmeasure.org"/>
      <code value="{ScoreOf}"/>
    </valueQuantity>
    <interpretation>
      <text value="93–94 med oksygentilførsel"/>
    </interpretation>
  </component>
  <component>
    <code>
      <coding>
        <system value="http://snomed.info/sct"/>
        <code value="1104331000000105"/>
        <display value="NEWS2 (National Early Warning Score 2) - air or oxygen score"/>
      </coding>
    </code>
    <valueQuantity>
      <value value="2"/>
      <unit value="ScoreOf"/>
      <system value="http://unitsofmeasure.org"/>
      <code value="{ScoreOf}"/>
    </valueQuantity>
    <interpretation>
      <text value="Oksygen"/>
    </interpretation>
  </component>
  <component>
    <code>
      <coding>
        <system value="http://snomed.info/sct"/>
        <code value="1104351000000103"/>
        <display value="NEWS2 (National Early Warning Score 2) - pulse score"/>
      </coding>
    </code>
    <valueQuantity>
      <value value="3"/>
      <unit value="ScoreOf"/>
      <system value="http://unitsofmeasure.org"/>
      <code value="{ScoreOf}"/>
    </valueQuantity>
    <interpretation>
      <text value="≤40"/>
    </interpretation>
  </component>
  <component>
    <code>
      <coding>
        <system value="http://snomed.info/sct"/>
        <code value="1104341000000101"/>
        <display value="NEWS2 (National Early Warning Score 2) - systolic blood pressure score"/>
      </coding>
    </code>
    <valueQuantity>
      <value value="3"/>
      <unit value="ScoreOf"/>
      <system value="http://unitsofmeasure.org"/>
      <code value="{ScoreOf}"/>
    </valueQuantity>
    <interpretation>
      <text value="≤90"/>
    </interpretation>
  </component>
  <component>
    <code>
      <coding>
        <system value="http://snomed.info/sct"/>
        <code value="1104361000000100"/>
        <display value="NEWS2 (National Early Warning Score 2) - consciousness score"/>
      </coding>
    </code>
    <valueQuantity>
      <value value="3"/>
      <unit value="ScoreOf"/>
      <system value="http://unitsofmeasure.org"/>
      <code value="{ScoreOf}"/>
    </valueQuantity>
    <interpretation>
      <text value="C, V, P eller U"/>
    </interpretation>
  </component>
  <component>
    <code>
      <coding>
        <system value="http://snomed.info/sct"/>
        <code value="1104371000000107"/>
        <display value="NEWS2 (National Early Warning Score 2) - temperature score"/>
      </coding>
    </code>
    <valueQuantity>
      <value value="3"/>
      <unit value="ScoreOf"/>
      <system value="http://unitsofmeasure.org"/>
      <code value="{ScoreOf}"/>
    </valueQuantity>
    <interpretation>
      <text value="≤35.0"/>
    </interpretation>
  </component>
</Observation>